player,suggest_1,sugges_score_1,suggest_2,sugges_score_2,suggest_3,sugges_score_3
alkkkpvo,zgyddrwd,193.10328,bbzrkjpg,183.07486,bqwywgmy,112.68259
alkknkqo,zgvldojv,97.56182,azbaqqml,97.03991,wqddllrv,95.03207
alkkpnmd,wojjyyrl,70.88889,qnjjvrlo,68.7295,wojjlqdq,68.19274
alkkyrmz,koaajzgz,157.73808,pjnmgdak,93.83013,kpzowkno,92.88772
alkpqqpv,koaagbaz,82.25202,dlkkbbwz,79.83646,rqppzowl,79.73433
aoarkrqb,mlzqlkrw,105.10493,aoarzvqy,97.37339,ojaknokp,94.70815
aoarzvqy,pryjgvrw,196.9453,azbaqqml,194.07982,zqzykabw,189.11072
aoavzopr,blkkwadv,155.97596,bqwywgmy,112.68259,nrjqygay,103.06457
aodzkymz,vpbnqynq,99.88259,wvyqylzp,99.05773,krlpdjjw,96.01331
aoknpkgn,aoavzopr,101.95451,dpqmvmno,99.05196,kravkzjv,98.89356
aongqbva,vpbnqynq,99.88259,zqzjoqgo,99.65415,azbaqqml,97.03991
aovkndwb,wvpjmvyn,95.94332,gnogrrgg,95.86368,gnogwlky,95.0446
aovpjply,wvpjmvyn,95.94332,gnogrrgg,95.86368,gnogwlky,95.0446
aovpjrad,nrbkylnj,187.53542,dpdgmzmo,187.22214,pjowzngv,97.77668
aowlbonj,rrzqvrdo,97.47348,qzbonqno,94.83013,zgbbngyd,93.49374
aowrpbzb,nrwvvngb,102.43498,prwmorwl,99.49614,dpqmvmno,99.05196
avdlbjllo,zmopbpqvb,177.482,vnygzgbg,100.01704,dvaqlpbg,98.58307
avdlbqyyb,vnygzgbg,100.01704,rbvzzgva,98.33363,zgvldojv,97.56182
avdmpmmaq,dpqmvmno,198.10392,bbvmwqln,99.24759,dpqrzvyr,98.79731
azbadvdz,zgpwqgja,98.12363,dvaqjqbv,96.32017,vnygznmg,96.20601
azbadykb,bbzrkjpg,183.07486,pjgrlygm,173.62956,vpgoddzj,99.37711
azbaqqml,mbaaopdm,729.5148,blkkwadv,701.89182,zgvldojv,585.37092
azbbgpmq,rzwozjay,110.91929,azormlbb,92.12754,kpdrqgrk,88.53113
azbbojrd,zgbpglky,194,oqjzrbnv,179.46258,vnygzgbg,100.01704
azbwbllm,vpgoddzj,99.37711,zqljdvmp,99.26816,dvaqlpbg,98.58307
azbwkgky,vpgoddzj,99.37711,zqljdvmp,99.26816,dvaqlpbg,98.58307
azbwoyor,pjowzngv,97.77668,rbvzqjvw,97.62412,kpnmwdvw,97.23229
azbwqajm,pjowzngv,97.77668,rbvzqjvw,97.62412,kpnmwdvw,97.23229
azbwqvqy,rbvzmlov,291,zgvzwzmm,192.7713,jbvgmplv,189.31502
azjoqmpa,zgyddrwd,289.65492,zgpppalp,285.20343,oqjzrbnv,269.19387
azllkwak,zgvldojv,195.12364,rbvzzgva,98.33363,wqrbmono,97.53906
azlllgon,bqwywgmy,112.68259,pwykgdrq,109.04169,yoyonqnr,106.31284
azlnkgjj,jbozaybb,92.17682,azormlbb,92.12754,zgqjravo,92.10172
azlnmzwq,nnpqdokz,95.55622,dvjlporz,95.36951,bbnpmqam,94.90149
azlnqwkv,azojmzgj,266.03433,ygzzazdq,184.52896,azormlbb,184.25508
azlnyynr,gqanpbjk,94.20266,bbzrkjpg,91.53743,gqldlvvd,91.44581
azmlgokg,vnygrlyr,97.23605,rbaqzknw,93.38048,wqddqqym,93.18281
azmlwvgl,lmyomann,109.21202,zgpwqgja,98.12363,gqrbgqlz,95.27897
azmmdkmj,pwykgqbg,108.08349,jmqmodky,107.67136,kmljappy,107.41651
azmmgndw,mmppbjoq,187.10852,kpzowkno,92.88772,rbaaqrgk,90.93778
azmmgyaq,oqmmnqwo,174.96916,dvjjrvqn,94.32713,dvprvqor,92.86726
azmmymrn,wqrbmono,97.53906,pjowgdgg,95.0547,wqddllrv,95.03207
azobanwr,jbawvlnn,94.48756,nnyjdqzn,91.85988,mmbnkrbn,91.15571
azojgqrz,vnygrlyr,97.23605,rbaqzknw,93.38048,wqddqqym,93.18281
azojgroo,azorkkqd,93.39906,kprykbrq,93.04677,azormlbb,92.12754
azojkkam,qznmkkjb,94.39641,qzpzqkzq,93.60423,zgpnpvjy,93.51659
azojmzgj,oqjzrbnv,1076.77548,bbzrkjpg,1006.91173,azormlbb,737.02032
azorkkqd,bbzrkjpg,549.22458,azormlbb,460.6377,oqjzrbnv,448.65645
azormlbb,oqjzrbnv,1076.77548,bbzrkjpg,823.83687,azojmzgj,709.42488
azyoqdpn,azyqnzlr,180.22066,oqjzrbnv,179.46258,kpdrqgrk,177.06226
azyqnzlr,kpdrqgrk,442.65565,bbyzamap,345.47408,oqjzrbnv,269.19387
bbldanjy,zgawlyqg,167.05946,rbvzmlov,97,nnpqdokz,95.55622
bblgmdym,oqjzrbnv,269.19387,pjrbbdmr,241.67583,qzqnwboz,184.51814
bbnllygv,dvaqjqbv,192.64034,dvjlporz,190.73902,oqjzrbnv,179.46258
bbnnbadp,dvaqjqbv,96.32017,dvjlnaad,93.15962,dvjjaddg,92.62242
bbnnbyly,jrqbmrzv,97.77633,lropkqgj,94.55164,pjoobywz,93.45665
bbnnwbpw,wqrbmono,97.53906,pjowgdgg,95.0547,wqddllrv,95.03207
bbnnwmpw,azbadykb,97.14789,jbvmykdr,95.97027,oqrpdnbb,95.83284
bbnnzdwk,azormlbb,92.12754,zgqjravo,92.10172,kpovrvbl,91.71131
bbnpmqam,oqjzrbnv,269.19387,azojmzgj,177.35622,pjgrlygm,173.62956
bbpkonyb,bbvmwqln,99.24759,zgpwqgja,98.12363,azbadykb,97.14789
bbpzpvvp,kpyrwobz,99.67354,nnppdald,98.38905,dvlrdkbm,98.3139
bbpzwggl,rbjrrnrl,95.56517,azormlbb,92.12754,jbolmgmv,89.7794
bbvmqgam,zgvzwzmm,192.7713,kpzowkno,185.77544,nnorkgyq,177.7332
bbvmwnjz,vwddkdzo,155.91182,vpgoddzj,99.37711,zqljdvmp,99.26816
bbvmwqln,oqrwvjbq,588.04032,mbaaopdm,364.7574,wqrbmono,292.61718
bbvqajvw,pjowzngv,97.77668,rbvzqjvw,97.62412,kpnmwdvw,97.23229
bbvqbmzq,pjowzngv,97.77668,rbvzqjvw,97.62412,kpnmwdvw,97.23229
bbvqkokv,zgpwqgja,98.12363,dvaqjqbv,96.32017,vnygznmg,96.20601
bbvqmqpm,rbvzqjvw,97.62412,kpnmqjmj,95.40141,jbvmlnmd,95.34898
bbvqwvlq,vnygzgbg,100.01704,rbvzmlov,97,wqrbmnvm,95.87559
bbvqzyly,wqrbjgjq,98.33333,pjowzngv,97.77668,rbvzqjvw,97.62412
bbvvpgjv,mmgwbyqz,180.54248,wvvnmrng,100.43349,vnyzdaqo,99.37332
bbvygjdw,bbvmwqln,198.49518,oqrwvjbq,196.01344,wqrbmono,195.07812
bbyonvbz,kpdkzrda,91.16915,pjgpnmyk,91.00807,dvnpmody,90.97233
bbyzalqa,dvnpmody,90.97233,azyqnzlr,90.11033,kpdrqgrk,88.53113
bbyzamap,oqjzrbnv,807.58161,kpdrqgrk,708.24904,pjgrlygm,694.51824
bbzpldzr,mlzvarvq,193.1383,dvaqjqbv,192.64034,vnjwrqkm,182.10988
bbzpvdmn,kpyrwobz,99.67354,rbqqjwjr,97.97563,ygbmogzo,95.42801
bbzrkjpg,oqjzrbnv,1435.70064,azojmzgj,975.45921,azormlbb,829.14786
bbzwlozw,zgpnppvo,185.31502,nrjqygay,103.06457,rrwbbjyy,99.62989
bgwlvpmpb,mmrknamp,96.1053,pjbrmlnj,96.01408,gqanpbjk,94.20266
bgwlvrkrj,gbvzjrrk,109.41393,wqooymnp,97.36309,zgpppalp,95.06781
bgwlvrqak,yvyjbprvw,88.56112,oadnyykpb,85.07713,ddwlajwlb,84.14395
bgwnjkdpw,vnygzgbg,100.01704,rbvzzgva,98.33363,zgvldojv,97.56182
bgwnjnqyz,wqrbjvkp,194.4796,vnyzdaqo,99.37332,jrqbmrzv,97.77633
blkkmjkd,azbadykb,97.14789,lvaoyyda,96.74506,zgyddrwd,96.55164
blkkwadv,azbaqqml,873.35919,rbvzzgva,491.66815,zgvldojv,487.8091
bqwywgmy,vnygznmg,288.61803,vnaplbvk,281.7183,bbzrkjpg,274.61229
bzgjpbnq,wvpjmvyn,95.94332,gnogrrgg,95.86368,gnogwlky,95.0446
bzgjvqap,rbvzzgva,98.33363,wqrbmono,97.53906,azbaqqml,97.03991
bzkdzpvz,rbvzzgva,98.33363,prwbdjpj,96.26867,kpnmqjmj,95.40141
bzmgrldz,nrjqygay,103.06457,aoavzopr,101.95451,rrpywlyv,100.01791
bzmrdyyp,zqzjoqgo,99.65415,ynojblap,99.20138,zgvzzvnr,94.98463
bzmrkapz,gbvzjrrk,109.41393,wvnmkdrd,101.6,ygjjlnwq,97.75752
bzmrpjdv,bqwywgmy,112.68259,aoavzopr,101.95451,ojpakooj,100.97156
bzmrrqqg,nrjqygay,103.06457,pryjgvrw,98.47265,nnppdald,98.38905
bzmryrom,rbvzmlov,97,vpdvznqb,95.02229,prwbkdmr,93.18744
bzmrzagq,rbvzmlov,97,vpdvznqb,95.02229,prwbkdmr,93.18744
bzqlvakg,bzqpnook,99.75025,jrmzndrj,99.0313,oqrwvjbq,98.00672
bzqpnook,jrmzndrj,99.0313,oqrwvjbq,98.00672,azbaqqml,97.03991
bzqpqkql,bqwywgmy,112.68259,dpqmvmno,99.05196,rrzjymmn,97.24126
bzqrklwq,zgpnppvo,185.31502,oqjzrbnv,179.46258,nrwvvngb,102.43498
ddwjgmgoo,vnyzdaqo,198.74664,wqrbjvkp,194.4796,qznkrybo,185.76652
ddwjkwonv,bqwywgmy,225.36518,vnygznmg,96.20601,vnaplbvk,93.9061
ddwlaawdg,vnygzgbg,100.01704,dvaqlpbg,98.58307,pjokwvqy,98.07582
ddwlajwlb,yvyjbprvw,88.56112,oadnyykpb,85.07713,yvyjbwjaw,83.68326
ddwlaqwzb,pjowzngv,97.77668,oqrpdglq,96.22194,dvjlporz,95.36951
ddwrbozdj,jrqbmrzv,97.77633,lropkqgj,94.55164,pjoobywz,93.45665
ddwrzqknz,kpyrwobz,99.67354,nnppdald,98.38905,dvlrdkbm,98.3139
ddwrzqvmk,azjoqmpa,97.33906,oqvvljjn,96.96695,zgyddrwd,96.55164
ddwrzwmaj,nrwvvngb,102.43498,prwmorwl,99.49614,dpqmvmno,99.05196
dlkkbbwz,bbnpmqam,94.90149,qznmkkjb,94.39641,dvjjpzkd,92.53521
dlkkbmlv,pjnmgdak,93.83013,kpzowkno,92.88772,zgpnpypz,88.35215
dlkkbppo,rbvzmlov,194,jbvgmplv,189.31502,jlyybbny,153.69172
dlkkrgwy,pjowzngv,97.77668,dvayvlwd,97.17679,azbaqqml,97.03991
dpdgjdjz,nrbkylnj,187.53542,dpdgmzmo,187.22214,pjowzngv,97.77668
dpdgjlnv,wvpjmvyn,95.94332,gnogrrgg,95.86368,gnogwlky,95.0446
dpdgmzmo,nrbkylnj,468.83855,wvpjmvyn,287.82996,zqmkbrvy,284.52348
dpkzbyzg,nrjqygay,103.06457,aoavzopr,101.95451,bzmgrldz,101.72745
dpqmnwqz,zgvldojv,195.12364,vnyzdaqo,99.37332,bbvmwqln,99.24759
dpqmoonl,vnygznmg,192.41202,wbynwpam,104.9241,zqzjoqgo,99.65415
dpqmvmno,avdmpmmaq,181.35108,mqyvbwwwa,167.90296,bqwywgmy,112.68259
dpqrzdyy,mmgwbyqz,180.54248,wvvnmrng,100.43349,vnyzdaqo,99.37332
dpqrzvyr,dpqmvmno,99.05196,wvbkpqkp,96.52275,ojwnypgz,95.59416
dpydjnpb,vpbnqynq,99.88259,zgpppalp,95.06781,dpyrvbdn,93.48853
dpyrrjrw,vpgoddzj,99.37711,zqljdvmp,99.26816,dvaqlpbg,98.58307
dpyrvbdn,dpydjnpb,102.41002,vpbnqynq,99.88259,prkqrbvp,97.15023
dpzbgmvl,bbvmwqln,99.24759,rbvzzgva,98.33363,oqrwvjbq,98.00672
dvaablny,zgvldojv,97.56182,azllkwak,96.69601,vnygznmg,96.20601
dvaqbvkv,kpnmqjmj,286.20423,vnygzgbg,100.01704,wqrbjgjq,98.33333
dvaqgkym,zgyddrwd,96.55164,jbolowyl,92.57512,ygzzkbwq,92.27039
dvaqjqbv,zgvldojv,390.24728,azbaqqml,388.15964,vnygznmg,288.61803
dvaqlpbg,vnygzgbg,200.03408,bbvmwqln,198.49518,azbaqqml,194.07982
dvaqvkqq,pjowmvgl,182.76772,pjowzngv,97.77668,rbvzqjvw,97.62412
dvayndgy,ygnwjdvo,248.03808,zgvldojv,195.12364,ojwmllva,194.1722
dvayvlwd,azbaqqml,291.11973,pjokyyla,290.83005,pjowzngv,195.55336
dvaywlkm,azbaqqml,194.07982,mmgwbyqz,180.54248,qrkrdgyz,179.4635
dvaywwaj,qzbywwrl,97.56816,bbvmwnjz,97.15459,pjokyyla,96.94335
dvbgnzzb,pjokygzp,95.17319,kpnmddpy,93.96792,gnbaorzn,92.26009
dvjjaald,pwykgqbg,108.08349,jmqmodky,107.67136,kmljappy,107.41651
dvjjaddg,nrbkylnj,187.53542,dpdgmzmo,187.22214,zgpwqgja,98.12363
dvjjknlj,mlzvarvq,193.1383,zgvldojv,97.56182,dvlzbono,93.20058
dvjjmwqk,bzqpnook,99.75025,jrmzndrj,99.0313,oqrwvjbq,98.00672
dvjjpryl,mlnoawjw,94.76761,dvjjaddg,92.62242,zgqjravo,92.10172
dvjjpzkd,dvjlporz,190.73902,vwddkdzo,155.91182,qzprldwa,96.3588
dvjjrvqn,qzprldwa,96.3588,dvjlporz,95.36951,dvprvqor,92.86726
dvjjvpkr,dvayndgy,96.98826,dvaqjqbv,96.32017,jbawvlnn,94.48756
dvjlnaad,dvaqjqbv,96.32017,dvprpwvg,91.47887,ygzjybop,91.4405
dvjlporz,azormlbb,276.38262,oqjzrbnv,269.19387,nnpqdokz,191.11244
dvjlqbzj,dvlrdkbm,98.3139,azjoqmpa,97.33906,rbvzmlov,97
dvjmzdnv,gqanpbjk,94.20266,azlnyynr,92.92197,bbzrkjpg,91.53743
dvlddmvg,wqrbjgjq,98.33333,zgvldojv,97.56182,lvaoyyda,96.74506
dvlddrja,kpzowkno,278.66316,azojmzgj,266.03433,rbvzmlov,194
dvldwovv,bbzrkjpg,274.61229,oqjzrbnv,269.19387,vnygzgbg,200.03408
dvllbypy,wbynwpam,104.9241,bbvmwqln,99.24759,dpqmoonl,98.12618
dvlrdkbm,bbyzamap,259.10556,mbaaopdm,218.85444,zgpwqgja,196.24726
dvlzbono,mlzvarvq,193.1383,bbyzamap,172.73704,ygnwjdvo,165.35872
dvlzongz,dvlzrwon,93.26063,lvbbvwrv,92.70374,gqrbqdzn,92.43897
dvlzrbrv,mmrknamp,96.1053,pjbrmlnj,96.01408,gqanpbjk,94.20266
dvlzrgay,jbwryogj,96.66197,zgyqgjgg,93.55634,dvlzrwon,93.26063
dvlzrwon,zgyqgjgg,280.66902,pjrqzygz,265.85409,jbwryogj,193.32394
dvmpaopz,bbvmwqln,99.24759,wvyqblqj,98.76448,rbqqjwjr,97.97563
dvmpavmo,vnygzgbg,100.01704,zgvldojv,97.56182,kpnjdbwb,97.13916
dvmpnpvm,jbwryzkm,97.67948,jbvmydrz,96.95786,wqkvjdmo,96.62989
dvmpvzgb,gbvzjrrk,109.41393,wvnmkdrd,101.6,ygjjlnwq,97.75752
dvnbjalw,dvjjrvqn,94.32713,dvprvqor,92.86726,nnyygakb,92.10749
dvnbmlkj,dvayndgy,96.98826,dvaqjqbv,96.32017,jbawvlnn,94.48756
dvnlykpk,kpdkzrda,91.16915,pjgpnmyk,91.00807,dvnpmody,90.97233
dvnpmody,azyqnzlr,180.22066,kpdrqgrk,177.06226,bbyzamap,172.73704
dvpadgrl,oqjzrbnv,179.46258,wqkvjdmo,96.62989,azormlbb,92.12754
dvpawqjr,bbzrkjpg,183.07486,oqjzrbnv,179.46258,zgqjgkqk,178.99708
dvpmabro,oqjzrbnv,448.65645,azormlbb,276.38262,kprykabq,266.93688
dvpmlalz,bbzrkjpg,457.68715,oqjzrbnv,448.65645,azojmzgj,266.03433
dvpmlwag,dvpmabro,182.37082,oqjzrbnv,179.46258,bblgmdym,163.12322
dvpmyazz,ynowvogr,100.03521,nnywbjlv,98.66278,pryjgvrw,98.47265
dvprkgyd,bbzrkjpg,91.53743,dvprljnn,90.19447,nnvpdywa,89.43746
dvprljnn,bbzrkjpg,183.07486,azorkkqd,93.39906,azormlbb,92.12754
dvprpwvg,dvaqjqbv,96.32017,dvjlnaad,93.15962,ygzjybop,91.4405
dvprvqor,dvjjrvqn,94.32713,nnyygakb,92.10749,mmlpnkdd,90.68337
gbvzblpr,pwykgqbg,108.08349,jmqmodky,107.67136,kmljappy,107.41651
gbvzjrrk,wvnmkdrd,101.6,ygjjlnwq,97.75752,wqooymnp,97.36309
glkganwq,mmgwbyqz,180.54248,wvvnmrng,100.43349,vnyzdaqo,99.37332
glkkzlmg,koaagbaz,82.25202,dlkkbbwz,79.83646,rqppzowl,79.73433
gnbabyjj,gbvzjrrk,109.41393,wvnmkdrd,101.6,ygjjlnwq,97.75752
gnbaorzn,krmyjqkq,200.52018,rrokrgwl,198.5435,pjokygzp,190.34638
gnbaoyjo,ojwmllva,291.2583,ynozpqbr,197.49012,zgvldojv,195.12364
gndmbmag,nrbkylnj,187.53542,dpdgmzmo,187.22214,pjowzngv,97.77668
gnogarad,wvpjmvyn,95.94332,gnogrrgg,95.86368,gnogwlky,95.0446
gnogavag,bbvmwqln,99.24759,rbvzzgva,98.33363,oqrwvjbq,98.00672
gnogayka,pjokwvqy,98.07582,krmbjjgv,95.71113,kpnmqjmj,95.40141
gnogrrgg,wvpjmvyn,95.94332,gnogwlky,95.0446,zqmkbrvy,94.84116
gnogwbla,wvpjmvyn,95.94332,gnogrrgg,95.86368,gnogwlky,95.0446
gnogwlky,wvpjmvyn,95.94332,gnogrrgg,95.86368,zqmkbrvy,94.84116
govlrqkna,mmrknamp,96.1053,pjbrmlnj,96.01408,gqanpbjk,94.20266
govlrqwwk,pjnmgdak,93.83013,kpzowkno,92.88772,zgpnpypz,88.35215
govlrrnmw,vnygzgbg,100.01704,dvaqlpbg,98.58307,pjokwvqy,98.07582
gqanaqdk,bbzrkjpg,183.07486,oqrwvjbq,98.00672,azjoqmpa,97.33906
gqanpbjk,wqoppbvm,176.46972,mmrknamp,96.1053,pjbrmlnj,96.01408
gqldavaq,kpyrwobz,99.67354,rbqqjwjr,97.97563,ygbmogzo,95.42801
gqldbabb,azbadykb,97.14789,jbvmykdr,95.97027,oqrpdnbb,95.83284
gqldjmgn,dvjjrvqn,94.32713,dvprvqor,92.86726,nnyygakb,92.10749
gqldlvvd,gqanpbjk,94.20266,azlnyynr,92.92197,bbzrkjpg,91.53743
gqldmwqd,kpzowkno,185.77544,azojmzgj,177.35622,jboozwlw,169.0219
gqldnlgb,zgyqwrbq,98.4574,oqzjmkpg,95.72392,lvdrajaq,95.25978
gqnanlpn,kpyrwobz,99.67354,rbqqjwjr,97.97563,ygbmogzo,95.42801
gqnanzbo,dvayndgy,96.98826,dvaqjqbv,96.32017,jbawvlnn,94.48756
gqrbgqlz,lmyomann,109.21202,zgpwqgja,98.12363,zgbpaonm,92.50438
gqrbqdzn,dvlzrwon,93.26063,lvbbvwrv,92.70374,ygnyjzzj,90.96693
gqrbypzk,wqddqqym,93.18281,dvaqvkqq,92.52524,pjowmvgl,91.38386
gqrrmqnz,lmyomann,109.21202,zgpwqgja,98.12363,gqrbgqlz,95.27897
gqwjmlgq,dvaqjqbv,288.96051,ygzjybop,182.881,vnjwrqkm,182.10988
gqwwgdrr,mmgwbyqz,180.54248,wvvnmrng,100.43349,vnyzdaqo,99.37332
gqwwgnob,rrwbbapo,101.68072,rbvzmlov,97,oqrwqwlo,95.47502
gqwwgqlg,bbzrkjpg,91.53743,dvprkgyd,90.90219,dvprljnn,90.19447
gqwwkkyo,dvjjaddg,92.62242,vnjjnoyw,91.66325,bbnnbadp,89.56212
gqwwvoog,azbadykb,97.14789,jbvmykdr,95.97027,oqrpdnbb,95.83284
gqwwvrrr,mmrknamp,96.1053,pjbrmlnj,96.01408,gqanpbjk,94.20266
gqynnanj,ygwnknvw,95.05236,jbolowyl,92.57512,qzqnwboz,92.25907
jbawvlnn,mmbnkrbn,182.31142,vnponlbq,181.4249,kpoggymm,179.76322
jbdrnpnp,dvnpmody,90.97233,azyqnzlr,90.11033,kpdrqgrk,88.53113
jbljndmd,bbzrkjpg,91.53743,dvprkgyd,90.90219,dvprljnn,90.19447
jbljogbp,koaalwdk,152.96522,jrqbmrzv,97.77633,lvaoyyda,96.74506
jbljzyrq,qznmkkjb,188.79282,bbzrkjpg,183.07486,bbnpmqam,94.90149
jbolmgmv,vwddkdzo,155.91182,bzqpnook,99.75025,jrmzndrj,99.0313
jbolowyl,qzqnwboz,184.51814,nnvpdywa,178.87492,zgyddrwd,96.55164
jbooankd,rbjrrnrl,95.56517,bbpzwggl,94.40219,azormlbb,92.12754
jboobmgl,mmrknamp,96.1053,pjbrmlnj,96.01408,gqanpbjk,94.20266
jboozwlw,kpzowkno,185.77544,azojmzgj,177.35622,gqldmwqd,173.54506
jbozaybb,azormlbb,92.12754,zgqjravo,92.10172,azlnkgjj,91.59382
jbrvjpwd,pjnmgdak,187.66026,kpyrwobz,99.67354,rbqqjwjr,97.97563
jbrwabyz,jrqbmrzv,97.77633,gqanaqdk,95.78098,lropkqgj,94.55164
jbrwmvwd,wqkvjdmo,96.62989,dvpadgrl,92.16137,pjrqzzrb,91.30789
jbrwozwn,wqrbjgjq,98.33333,zgvldojv,97.56182,lvaoyyda,96.74506
jbrzydom,bbzrkjpg,183.07486,pjnmgdak,93.83013,wqdoavdv,93.79577
jbvgmplv,rbvzmlov,291,kmljappy,214.83302,azbwqvqy,186.83184
jbvgqqlj,krmyjqkq,100.26009,rrokrgwl,99.27175,pjokwvqy,98.07582
jbvmlnmd,rbvzqjvw,97.62412,kpnmqjmj,95.40141,oqrwllkz,94.30404
jbvmrbmd,pjowzngv,97.77668,rbvzqjvw,97.62412,kpnmwdvw,97.23229
jbvmydrz,prkqrbvp,97.15023,wqkvjdmo,96.62989,dvmpnpvm,95.74086
jbvmykdr,kpnjllkq,290.92272,azbaqqml,194.07982,mmgzywyw,191.55112
jbvmyzdq,pjowzngv,97.77668,rbvzqjvw,97.62412,kpnmwdvw,97.23229
jbvwnpgp,vnygzgbg,100.01704,rbvzzgva,98.33363,zgvldojv,97.56182
jbwraobl,kmljappy,107.41651,bbvmwqln,99.24759,mmrlorpk,98.45919
jbwryogj,zgyqgjgg,187.11268,dvlzrwon,186.52126,pjrqzygz,177.23606
jbwryzkm,dvmpnpvm,95.74086,lvdradqj,94.79141,pjmdlovq,89.43863
jbwrzvmn,zgyqwrbq,98.4574,oqzjmkpg,95.72392,lvdrajaq,95.25978
jbwrzyvy,vnygzgbg,100.01704,zgvldojv,97.56182,kpnjdbwb,97.13916
jlyklrqk,wojjyyrl,70.88889,qnjjvrlo,68.7295,wojjlqdq,68.19274
jlyybbny,rbvzmlov,194,jbvgmplv,189.31502,rqpppkqg,157.45692
jlyykqqo,bzqpnook,99.75025,jrmzndrj,99.0313,oqrwvjbq,98.00672
jmqmodky,pwykgqbg,108.08349,kmljappy,107.41651,gbvzblpr,103.50861
jpqlvvjvm,vnygzgbg,100.01704,dvaqlpbg,98.58307,pjokwvqy,98.07582
jpqzjmgzl,rbvzqjvw,97.62412,kpnmqjmj,95.40141,jbvmlnmd,95.34898
jpqzjpkdo,kpzowkno,185.77544,azojmzgj,177.35622,dvlddrja,174.70072
jpqzljwgb,krmyjqkq,100.26009,rrokrgwl,99.27175,pjokwvqy,98.07582
jpqzljwrk,mlzqlkrw,105.10493,aoarzvqy,97.37339,ojaknokp,94.70815
jrgzyglq,nrbkylnj,187.53542,dpdgmzmo,187.22214,pjowzngv,97.77668
jrmlvrkm,krmyjqkq,100.26009,rrokrgwl,99.27175,prwmopvb,97.63438
jrmooqyd,mmgwbyqz,180.54248,wvvnmrng,100.43349,vnyzdaqo,99.37332
jrmwqavz,nrwvvngb,102.43498,prwmorwl,99.49614,dpqmvmno,99.05196
jrmzndrj,bzqpnook,99.75025,oqrwvjbq,98.00672,azbaqqml,97.03991
jrpkzyyp,wvpjmvyn,95.94332,gnogrrgg,95.86368,gnogwlky,95.0446
jrqbmrzv,wqrbjvkp,194.4796,qzbogpnd,180.46142,vnyzdaqo,99.37332
kglbkklwb,pjnmgdak,93.83013,jbrzydom,91.86266,bbzrkjpg,91.53743
kglbvjpvg,yvyjbprvw,88.56112,oadnyykpb,85.07713,ddwlajwlb,84.14395
kglbvmpkd,yvyjbprvw,88.56112,oadnyykpb,85.07713,ddwlajwlb,84.14395
kglbvvjpp,rbvzqjvw,97.62412,kpnmqjmj,95.40141,jbvmlnmd,95.34898
kglbvvrmm,mmrknamp,96.1053,pjbrmlnj,96.01408,gqanpbjk,94.20266
kglonbgdv,jbwryzkm,97.67948,dvmpnpvm,95.74086,lvdradqj,94.79141
kglonkklm,azormlbb,184.25508,gbvzjrrk,109.41393,vnygzgbg,100.01704
kglonkkqj,nbdpyknmp,93.23881,mqybggpwn,89.41166,vmbwyagqj,89.11723
kglonnrnb,yvyjbprvw,88.56112,oadnyykpb,85.07713,ddwlajwlb,84.14395
kglonokzm,nbdpyknmp,93.23881,mqybggpwn,89.41166,vmbwyagqj,89.11723
kmljappy,pwykgqbg,324.25047,azjoqmpa,194.67812,jbvgmplv,189.31502
koaagbaz,dlkkbbwz,79.83646,rqppzowl,79.73433,rqpppkqg,78.72846
koaajzgz,oqjzrbnv,538.38774,bbyzamap,345.47408,azjoqmpa,292.01718
koaalwdk,oqjzrbnv,269.19387,azyqnzlr,180.22066,kpdrqgrk,177.06226
koaaowmk,azjoqmpa,97.33906,jbwryogj,96.66197,mmpbwzvy,94.94914
koaapvzq,wqdoavdv,93.79577,zgbpbbgo,91.87471,jbrzydom,91.86266
kpdkzrda,pjgpnmyk,91.00807,dvnpmody,90.97233,azyqnzlr,90.11033
kpdrkabb,dvayndgy,96.98826,dvaqjqbv,96.32017,jbawvlnn,94.48756
kpdrqgrk,bbyzamap,690.94816,oqjzrbnv,628.11903,azyqnzlr,450.55165
kpnjdbwb,azbaqqml,388.15964,zgvldojv,292.68546,mbaaopdm,291.80592
kpnjllkq,azbaqqml,582.23946,mmgzywyw,478.8778,oqrwvjbq,392.02688
kpnmaaqk,pjowzngv,97.77668,rbvzqjvw,97.62412,kpnmwdvw,97.23229
kpnmaozy,rbvzqjvw,195.24824,kpyrwobz,99.67354,rbvzzgva,98.33363
kpnmbgdl,pjowzngv,97.77668,rbvzqjvw,97.62412,kpnmwdvw,97.23229
kpnmddpy,vpgoddzj,99.37711,zqljdvmp,99.26816,dvaqlpbg,98.58307
kpnmqjmj,dvaqbvkv,280.45776,pjokwvqy,196.15164,rbvzqjvw,195.24824
kpnmwdvw,rbvzboqa,186.34468,vnygzgbg,100.01704,pjowzngv,97.77668
kpnnnavo,dpqmvmno,99.05196,dpqrzvyr,98.79731,wvbkpqkp,96.52275
kpnnqbva,bqwywgmy,112.68259,vnygznmg,96.20601,mlnoawjw,94.76761
kpnnykkn,pwykgqbg,108.08349,jmqmodky,107.67136,kmljappy,107.41651
kpoggymm,dvaqjqbv,288.96051,jbawvlnn,188.97512,mmbnkrbn,182.31142
kpoggzap,wqkvjdmo,96.62989,dvpadgrl,92.16137,pjrqzzrb,91.30789
kpogjqqv,mmlpnkdd,181.36674,rbvzmlov,97,nnpqdokz,95.55622
kpovqddb,vnygrlyr,97.23605,rbaqzknw,93.38048,wqddqqym,93.18281
kpovrvbl,zgqjravo,184.20344,koaajzgz,157.73808,rzwogrld,109.65919
kpovzyzl,mmrknamp,96.1053,pjbrmlnj,96.01408,gqanpbjk,94.20266
kprlkyqg,wqkvjdmo,96.62989,dvpadgrl,92.16137,pjrqzzrb,91.30789
kprlzojz,pjnmgdak,93.83013,kpzowkno,92.88772,zgpnpypz,88.35215
kprmvjdz,oqjzrbnv,179.46258,koaajzgz,157.73808,aoavzopr,101.95451
kprykabq,oqjzrbnv,628.11903,bbzrkjpg,549.22458,azojmzgj,443.39055
kprykbrq,vnponzrq,183.78056,bbzrkjpg,183.07486,oqjzrbnv,179.46258
kpyqvdqk,bbyzamap,172.73704,kpyrwobz,99.67354,nnppdald,98.38905
kpyrwblo,azjoqmpa,292.01718,koaajzgz,236.60712,oqvvljjn,193.9339
kpyrwobz,zgyddrwd,193.10328,zgpppalp,190.13562,nnppdald,98.38905
kpzomjmr,bbzrkjpg,183.07486,oqjzrbnv,179.46258,prwmorwl,99.49614
kpzowkno,azojmzgj,354.71244,dvlddrja,262.05108,zgvzwzmm,192.7713
kpzzpbpj,dvjjaddg,92.62242,vnjjnoyw,91.66325,gqwwkkyo,90.0824
kpzzppjy,dvlzrwon,93.26063,lvbbvwrv,92.70374,gqrbqdzn,92.43897
kravjmnl,nrbkylnj,187.53542,dpdgmzmo,187.22214,pjowzngv,97.77668
kravkzjv,aoavzopr,101.95451,dpqmvmno,99.05196,ojwzqzgv,97.77612
krgavdkl,wvpjmvyn,95.94332,gnogrrgg,95.86368,gnogwlky,95.0446
krgwnpjj,wvpjmvyn,95.94332,gnogrrgg,95.86368,gnogwlky,95.0446
krgwyaaj,wvpjmvyn,95.94332,gnogrrgg,95.86368,gnogwlky,95.0446
krjbdvov,pjokwvqy,98.07582,krmbjjgv,95.71113,kpnmqjmj,95.40141
krjbmvay,vpgoddzj,99.37711,oqrwvjbq,98.00672,wvnzwpbk,97.2856
krlpdjjw,vpbnqynq,99.88259,wvyqylzp,99.05773,wvnzwpbk,97.2856
krmbjjgv,mllzdngl,103.45471,wvvprrjw,98.6286,pjokwvqy,98.07582
krmonrdz,nrwvvngb,102.43498,prwmorwl,99.49614,dpqmvmno,99.05196
krmyjkgp,rbvzzgva,98.33363,prwbdjpj,96.26867,kpnmqjmj,95.40141
krmyjqkq,rrokrgwl,198.5435,gnbaorzn,184.52018,jrmlvrkm,99.55966
krmyvzaz,pryjgvrw,98.47265,nnppdald,98.38905,vpzagroy,96.91459
krvkbako,wqddqqym,93.18281,dvaqvkqq,92.52524,gqrbypzk,92.2723
krvkdwaa,nrjqygay,103.06457,rrwbbjyy,99.62989,zgvldojv,97.56182
krwnnmlo,mllzdngl,103.45471,wvvprrjw,98.6286,rbvzmlov,97
lmymbkgd,yoyonqnr,106.31284,nrjpovzn,98.75426,pryjgvrw,98.47265
lmyomann,zgpwqgja,196.24726,bqwywgmy,112.68259,wbybvavl,111.88458
lnybkgarv,ynowvogr,100.03521,nnywbjlv,98.66278,pryjgvrw,98.47265
lnybkjajm,wqddqqym,93.18281,dvaqvkqq,92.52524,gqrbypzk,92.2723
lnybwyjzv,wqddqqym,93.18281,dvaqvkqq,92.52524,gqrbypzk,92.2723
lnyzapgpb,jbwryzkm,97.67948,dvmpnpvm,95.74086,lvdradqj,94.79141
lrmdmopq,mlnoawjw,94.76761,zgqjravo,92.10172,nrwpykgp,91.83397
lrmdmrdg,pjokygzp,95.17319,kpnmddpy,93.96792,gnbaorzn,92.26009
lrmplzmr,krmyjqkq,100.26009,jrmlvrkm,99.55966,rrokrgwl,99.27175
lrnkpkbm,aoavzopr,101.95451,dpqmvmno,99.05196,kravkzjv,98.89356
lrnkpmkn,wvpjmvyn,95.94332,gnogrrgg,95.86368,gnogwlky,95.0446
lrnwqypo,nrbkmpjy,188.25332,azbadykb,97.14789,jbvmykdr,95.97027
lropkqgj,jrqbmrzv,97.77633,pjoobywz,93.45665,wqddqbdy,92.57277
lropwymd,bbvmwqln,99.24759,wvyqblqj,98.76448,rbqqjwjr,97.97563
lvaawkll,dvayndgy,96.98826,dvaqjqbv,96.32017,jbawvlnn,94.48756
lvamjokv,pjowzngv,97.77668,rbvzqjvw,97.62412,kpnmwdvw,97.23229
lvamkbdl,rbvzqjvw,195.24824,kpnmqjmj,190.80282,oqrwllkz,188.60808
lvaoyyda,zgvldojv,195.12364,nnywbjlv,98.66278,wqrbjgjq,98.33333
lvbbvgry,wqddplog,94.67468,azyqnzlr,90.11033,azyoqdpn,90.04484
lvbbvwrv,vnygrlyr,97.23605,rbaqzknw,93.38048,dvlzrwon,93.26063
lvbbwpwm,pwykgqbg,108.08349,jmqmodky,107.67136,kmljappy,107.41651
lvbbwwjm,rbvzmlov,97,vpdvznqb,95.02229,prwbkdmr,93.18744
lvdradqj,jbwryzkm,97.67948,dvmpnpvm,95.74086,lnyzapgpb,83.66132
lvdrajaq,gbvzjrrk,109.41393,wvnmkdrd,101.6,zgyqwrbq,98.4574
lvdrvmdm,zgvldojv,97.56182,azllkwak,96.69601,vnygznmg,96.20601
lvlgbkbj,pryjgvrw,98.47265,nnppdald,98.38905,krmyvzaz,96.98697
lvlrjnbq,qzbywwrl,97.56816,bbvmwnjz,97.15459,pjokyyla,96.94335
lvraqqwz,wqdoavdv,93.79577,zgbpbbgo,91.87471,jbrzydom,91.86266
lvrdgdnv,wvnzwpbk,97.2856,krlpdjjw,96.01331,pjgpnmyk,91.00807
lvrdzkkg,dvayndgy,96.98826,dvaqjqbv,96.32017,jbawvlnn,94.48756
lvrpwkny,bbzrkjpg,274.61229,azorkkqd,186.79812,vnponzrq,183.78056
lvznngzp,qznmkkjb,94.39641,qzpzqkzq,93.60423,zgpnpvjy,93.51659
lvzqzdol,mmrknamp,96.1053,pjbrmlnj,96.01408,gqanpbjk,94.20266
lzwwbyqr,yoyonqnr,106.31284,lmymbkgd,104.92175,nrjpovzn,98.75426
lzwwokmp,bqwywgmy,112.68259,wbybvavl,111.88458,lmyomann,109.21202
lzwwrwzb,bqwywgmy,112.68259,pwykgdrq,109.04169,yoyonqnr,106.31284
lzwwvrlo,oqrwvjbq,98.00672,azjoqmpa,97.33906,zgyddrwd,96.55164
lzwwygyk,wojjyyrl,70.88889,qnjjvrlo,68.7295,wojjlqdq,68.19274
lzwwylrm,dvpmabro,91.18541,mmlpnkdd,90.68337,dvpmlwag,90.50313
lzwwyqwq,rqppwmwg,240.68838,azbaqqml,194.07982,nrjqygay,103.06457
lzwwzjdv,dvlrdkbm,98.3139,zgpwqgja,98.12363,zgvldojv,97.56182
mbaaavnn,mmgwbyqz,180.54248,wvvnmrng,100.43349,vnyzdaqo,99.37332
mbaaopdm,azbaqqml,970.3991,rbvzzgva,590.00178,oqrwvjbq,588.04032
mbaayvag,azjoqmpa,97.33906,oqvvljjn,96.96695,zgyddrwd,96.55164
mbaazjly,oqrwvjbq,196.01344,krmyjqkq,100.26009,vpgoddzj,99.37711
mllzdngl,wvvprrjw,98.6286,rbvzmlov,97,azlllgon,95.98884
mlnoawjw,ynkrzzrp,182.51524,bqwywgmy,112.68259,rrwbbapo,101.68072
mlwbglpm,dpqmvmno,99.05196,dpqrzvyr,98.79731,wvbkpqkp,96.52275
mlwvlvpd,vnyzdaqo,99.37332,bbvmwqln,99.24759,bbvygjdw,98.12637
mlymlmvb,vpbnqynq,99.88259,wvyqylzp,99.05773,aodzkymz,96.65274
mlzqlkrw,aoarzvqy,97.37339,ojaknokp,94.70815,rrokrgkb,93.10712
mlzvarvq,zgvldojv,292.68546,ygnwjdvo,248.03808,dvlzbono,186.40116
mlzvqmyj,bqwywgmy,112.68259,aoavzopr,101.95451,ojpakooj,100.97156
mmbngyqo,jbvmydrz,96.95786,wqkvjdmo,96.62989,mmrknamp,96.1053
mmbnkrbn,jbawvlnn,188.97512,kpoggymm,179.76322,pjrbbdmr,161.11722
mmbqynyl,nrjqygay,103.06457,azbaqqml,97.03991,dvaqjqbv,96.32017
mmbqzqkp,nrbkylnj,187.53542,dpdgmzmo,187.22214,pjowzngv,97.77668
mmdkyjqz,aoavzopr,101.95451,oqvvljjn,96.96695,zgpppalp,95.06781
mmggjadw,gnbaorzn,184.52018,blkkwadv,155.97596,krmyjqkq,100.26009
mmggkzvk,vnygzgbg,100.01704,bbvmwqln,99.24759,rbvzzgva,98.33363
mmggpwjg,krmyjqkq,100.26009,jrmlvrkm,99.55966,rrokrgwl,99.27175
mmgwbwll,mmgwbyqz,270.81372,wvvnmrng,100.43349,vnyzdaqo,99.37332
mmgwbyqz,mmgwbwll,271.89093,wvvnmrng,200.86698,vnyzdaqo,198.74664
mmgwjovv,jbvmydrz,96.95786,wqkvjdmo,96.62989,dvmpnpvm,95.74086
mmgwklql,pjowzngv,97.77668,rbvzqjvw,97.62412,kpnmwdvw,97.23229
mmgwlkdg,pjowzngv,97.77668,rbvzqjvw,97.62412,kpnmwdvw,97.23229
mmgwmzgy,rbvzmlov,194,pjowzngv,97.77668,rbvzqjvw,97.62412
mmgzydjv,azbadykb,97.14789,jbvmykdr,95.97027,oqrpdnbb,95.83284
mmgzywyw,azbaqqml,582.23946,kpnjllkq,484.8712,vwddkdzo,467.73546
mmgzyzkb,jbvmydrz,96.95786,wqkvjdmo,96.62989,dvmpnpvm,95.74086
mmlpnkdd,oqjzrbnv,358.92516,pjrbbdmr,322.23444,vnygznmg,288.61803
mmlrpdpo,dvjjrvqn,94.32713,dvprvqor,92.86726,nnyygakb,92.10749
mmpbpjvn,dpqmvmno,99.05196,dpqrzvyr,98.79731,zgpwqgja,98.12363
mmpbwzvy,azormlbb,184.25508,oqjzrbnv,179.46258,zgvldojv,97.56182
mmppawlb,jrqbmrzv,97.77633,lropkqgj,94.55164,pjoobywz,93.45665
mmppbjoq,azmmgndw,187.6119,kpzowkno,185.77544,azojmzgj,177.35622
mmppmmzo,vnygrlyr,97.23605,rbaqzknw,93.38048,wqddqqym,93.18281
mmppvqoq,mmrknamp,96.1053,pjbrmlnj,96.01408,gqanpbjk,94.20266
mmrknamp,pjbrmlnj,96.01408,gqanpbjk,94.20266,zgbbngyd,93.49374
mmrlorpk,kmljappy,107.41651,azjoqmpa,97.33906,rbvzmlov,97
mqybggpwn,nbdpyknmp,93.23881,vmbwyagqj,89.11723,zmopbpqvb,88.741
mqybgrpmv,nnpqdokz,95.55622,azorkkqd,93.39906,azormlbb,92.12754
mqybgrrwa,azorkkqd,93.39906,zgpnppvo,92.65751,ddwrzqvmk,87.24961
mqypayvvp,rrwbbapo,101.68072,oqrwqwlo,95.47502,ygbmogzo,95.42801
mqypjodoo,aoavzopr,101.95451,dpqmvmno,99.05196,kravkzjv,98.89356
mqyvbwwwa,azbaqqml,291.11973,bqwywgmy,225.36518,dpqmvmno,198.10392
mqyvnnkba,qznkrybo,185.76652,mmgwbyqz,180.54248,wvvnmrng,100.43349
mqyvnwbnr,gbvzjrrk,109.41393,lmyomann,109.21202,zgpwqgja,98.12363
nbdmpwknz,vnyzdaqo,99.37332,bbvmwqln,99.24759,bbvygjdw,98.12637
nbdmpwqoz,dpydjnpb,102.41002,vpbnqynq,99.88259,zgpppalp,95.06781
nbdmqwnpj,dvlrdkbm,98.3139,zgpwqgja,98.12363,azjoqmpa,97.33906
nbdmzpozl,bqwywgmy,112.68259,vnygznmg,96.20601,mlnoawjw,94.76761
nbdpyknmp,mmgwbyqz,180.54248,wvvnmrng,100.43349,vnyzdaqo,99.37332
nmdbnkzr,vpgoddzj,99.37711,wvjmnwvp,97.52504,aoarzvqy,97.37339
nngrlbgl,nnpqdokz,95.55622,azorkkqd,93.39906,azormlbb,92.12754
nngznqno,azormlbb,184.25508,zgqjravo,184.20344,bbzrkjpg,183.07486
nngzrvwa,qzbywwrl,97.56816,bbvmwnjz,97.15459,pjokyyla,96.94335
nnorblag,dpbqwbav,101.05634,azjoqmpa,97.33906,zgyddrwd,96.55164
nnorjvyq,pjowzngv,97.77668,oqrpdglq,96.22194,dvjlporz,95.36951
nnorkgyq,zgvzwzmm,192.7713,bbvmqgam,186.83568,kpzowkno,185.77544
nnorloqm,zgyqwrbq,98.4574,pjokwvqy,98.07582,oqzjmkpg,95.72392
nnorpwjo,zgyqwrbq,98.4574,oqzjmkpg,95.72392,lvdrajaq,95.25978
nnpbbogb,gqanpbjk,94.20266,azlnyynr,92.92197,bbzrkjpg,91.53743
nnpbjnwz,zgvldojv,292.68546,vnygznmg,288.61803,pjrbbdmr,241.67583
nnppdald,kpyrwobz,99.67354,pryjgvrw,98.47265,dvlrdkbm,98.3139
nnpqdokz,azormlbb,368.51016,bbzrkjpg,366.14972,oqjzrbnv,358.92516
nnpqmdqj,qznmkkjb,94.39641,qzpzqkzq,93.60423,zgpnpvjy,93.51659
nnrmagrm,rbvzzgva,98.33363,zgvldojv,97.56182,wqrbmono,97.53906
nnrokrwm,vnygzgbg,100.01704,dvaqlpbg,98.58307,pjokwvqy,98.07582
nnrooonz,azbaqqml,97.03991,azbwwbdv,95.59768,qznmkkjb,94.39641
nnvpdywa,jbolowyl,185.15024,qzqnwboz,184.51814,yjddypqg,160.66534
nnvpmvmj,azbadykb,97.14789,jbwryogj,96.66197,zgyqgjgg,93.55634
nnvvjbdm,ygbokvad,193.27726,ygzzazdq,184.52896,vnygrlyr,97.23605
nnvvjvag,nrjqygay,103.06457,vnygzgbg,100.01704,rrwbbjyy,99.62989
nnvvkmpn,dvpmabro,91.18541,mmlpnkdd,90.68337,dvpmlwag,90.50313
nnvvrjay,qzprldwa,96.3588,dvjlporz,95.36951,dvjjrvqn,94.32713
nnyjdqzn,jbawvlnn,94.48756,mmbnkrbn,91.15571,vnponlbq,90.71245
nnywbjlv,ynowvogr,100.03521,pryjgvrw,98.47265,pjowzngv,97.77668
nnywjajr,azbaqqml,194.07982,vpgoddzj,99.37711,zqljdvmp,99.26816
nnywjykk,bbvmwqln,99.24759,dvaqlpbg,98.58307,rbvowwmj,98.45427
nnywzwvk,pjowzngv,97.77668,rbvzqjvw,97.62412,kpnmwdvw,97.23229
nnyyaonp,nrbkylnj,187.53542,dpdgmzmo,187.22214,pjowzngv,97.77668
nnyygakb,dvjjrvqn,94.32713,dvprvqor,92.86726,mmlpnkdd,90.68337
npaaawmo,pjowzngv,97.77668,wvyjdazy,97.29812,dvayvlwd,97.17679
npaawova,koaagbaz,82.25202,dlkkbbwz,79.83646,rqppzowl,79.73433
npaazlyp,bbvmwqln,99.24759,wvyqblqj,98.76448,rbqqjwjr,97.97563
npakmzbg,bbzrkjpg,183.07486,wqdoavdv,93.79577,azormlbb,92.12754
npakylyq,vnygzgbg,200.03408,rbvzzgva,196.66726,oqrwvjbq,196.01344
nrbkmpjy,lrnwqypo,173.50042,azbadykb,97.14789,jbvmykdr,95.97027
nrbkokja,wvpjmvyn,95.94332,gnogrrgg,95.86368,gnogwlky,95.0446
nrbkybwg,nrbkylnj,187.53542,dpdgmzmo,187.22214,rrwbbapo,101.68072
nrbkylnj,dpdgmzmo,468.05535,wvpjmvyn,287.82996,zqmkbrvy,284.52348
nrjmdldd,mlzqlkrw,105.10493,aoarzvqy,97.37339,ojaknokp,94.70815
nrjmgpgv,dvaqjqbv,96.32017,dvjlnaad,93.15962,dvprpwvg,91.47887
nrjmnlaj,rbvzzgva,98.33363,prwbdjpj,96.26867,kpnmqjmj,95.40141
nrjpovzn,yoyonqnr,106.31284,lmymbkgd,104.92175,pryjgvrw,98.47265
nrjqygay,aoavzopr,101.95451,bzmgrldz,101.72745,rrpywlyv,100.01791
nrqzaggb,bqwywgmy,112.68259,pwykgdrq,109.04169,yoyonqnr,106.31284
nrwpykgp,mlnoawjw,94.76761,zgqjravo,92.10172,ynojbqqv,91.67179
nrwvownl,gbvzjrrk,109.41393,wvnmkdrd,101.6,ygjjlnwq,97.75752
nrwvvngb,prwmorwl,99.49614,dpqmvmno,99.05196,krmonrdz,98.12017
oadmkvvdk,bbvmwqln,99.24759,dpqmvmno,99.05196,wvyqblqj,98.76448
oadnbvklg,jrqbmrzv,97.77633,lropkqgj,94.55164,pjoobywz,93.45665
oadnyykpb,jbawvlnn,94.48756,nnyjdqzn,91.85988,mmbnkrbn,91.15571
oadvrnlng,vpgoddzj,99.37711,oqrwvjbq,98.00672,wvnzwpbk,97.2856
ojakmvov,zgvldojv,97.56182,ojwmllva,97.0861,dvayndgy,96.98826
ojaknokp,mlzqlkrw,105.10493,aoarzvqy,97.37339,wvpjmvyn,95.94332
ojakrwvn,prvaqbpj,179.71714,jrqbmrzv,97.77633,wvpjmvyn,95.94332
ojpakooj,blkkwadv,155.97596,bqwywgmy,112.68259,yoymobpr,112.41276
ojpngrba,zgvldojv,195.12364,vnygznmg,192.41202,vpgoddzj,99.37711
ojpnqjgp,pryjgvrw,98.47265,nnppdald,98.38905,krmyvzaz,96.98697
ojpnqvva,krmyjqkq,100.26009,rrokrgwl,99.27175,pjokwvqy,98.07582
ojpnvmmd,dpydjnpb,102.41002,vpbnqynq,99.88259,zgpppalp,95.06781
ojwmllva,gnbaoyjo,265.99233,ynozpqbr,197.49012,zgvldojv,195.12364
ojwmrbaw,ynowvogr,100.03521,nnywbjlv,98.66278,pryjgvrw,98.47265
ojwmznld,rbvzmlov,97,vpdvznqb,95.02229,prwbkdmr,93.18744
ojwnypgz,dpqmvmno,99.05196,dpqrzvyr,98.79731,wvbkpqkp,96.52275
ojwzqzgv,aoavzopr,101.95451,dpqmvmno,99.05196,kravkzjv,98.89356
ojwzwlwb,krmyjqkq,100.26009,bzqpnook,99.75025,jrmlvrkm,99.55966
oqgvpojj,kpdrqgrk,177.06226,bbyzamap,172.73704,rzwozjay,110.91929
oqjnoznz,gqanaqdk,95.78098,zgyqgjgg,93.55634,azorkkqd,93.39906
oqjzmrkv,vnygrlyr,97.23605,rbaqzknw,93.38048,wqddqqym,93.18281
oqjzrbnv,bbzrkjpg,1464.59888,azormlbb,1105.53048,azojmzgj,1064.13732
oqjzvkvb,bbzrkjpg,274.61229,nrbkylnj,187.53542,dpdgmzmo,187.22214
oqmmdkqz,pwykgqbg,108.08349,jmqmodky,107.67136,kmljappy,107.41651
oqmmjddk,azorkkqd,186.79812,nnpqdokz,95.55622,zgpnppvo,92.65751
oqmmnqwo,azmmgyaq,170.82232,wqrnwgbl,97.6784,dvayvlwd,97.17679
oqmvwwdo,bbnpmqam,94.90149,qznmkkjb,94.39641,dvjjpzkd,92.53521
oqrpdglq,pjowzngv,97.77668,dvjlporz,95.36951,vnjwqppz,94.86953
oqrpdnbb,azbadykb,97.14789,jbvmykdr,95.97027,zgvzgapn,95.46792
oqrwjool,pjowzngv,97.77668,rbvzqjvw,97.62412,zgvldojv,97.56182
oqrwjrno,pjowzngv,97.77668,rbvzqjvw,97.62412,kpnmwdvw,97.23229
oqrwllkz,rbvzqjvw,195.24824,kpnmqjmj,190.80282,lvamkbdl,179.28982
oqrwlopr,rbvzmlov,194,pjowmvgl,182.76772,qzboqony,181.71882
oqrwoqbn,pjowzngv,97.77668,rbvzqjvw,97.62412,kpnmwdvw,97.23229
oqrwqwlo,oqjzrbnv,269.19387,pjowzngv,195.55336,rbvzqjvw,195.24824
oqrwvjbq,bbvmwqln,595.48554,azbaqqml,485.19955,mbaaopdm,437.70888
oqvaazwv,rzwogrld,109.65919,dvlrdkbm,98.3139,zgpwqgja,98.12363
oqvvljjn,zgpppalp,380.27124,zgyddrwd,289.65492,azjoqmpa,194.67812
oqvyrbvo,dvlzrwon,93.26063,lvbbvwrv,92.70374,gqrbqdzn,92.43897
oqzjmkpg,zgyqwrbq,98.4574,lvdrajaq,95.25978,zgyqpwvz,95.07382
oqzjzqdm,mmrknamp,96.1053,pjbrmlnj,96.01408,gqanpbjk,94.20266
ovoobdrv,azjoqmpa,97.33906,oqvvljjn,96.96695,zgyddrwd,96.55164
ovooglgd,wojjyyrl,70.88889,qnjjvrlo,68.7295,wojjlqdq,68.19274
ovoogqay,wojjyyrl,70.88889,qnjjvrlo,68.7295,wojjlqdq,68.19274
ovookgbr,bbzrkjpg,91.53743,dvprkgyd,90.90219,dvprljnn,90.19447
ovookjaz,rzwogrld,109.65919,kpyrwobz,99.67354,rbqqjwjr,97.97563
pjbrmlnj,mmrknamp,96.1053,gqanpbjk,94.20266,zgbbngyd,93.49374
pjgpnmyk,wvnzwpbk,97.2856,krlpdjjw,96.01331,kpdkzrda,91.16915
pjgrlvjz,dvnpmody,90.97233,azyqnzlr,90.11033,kpdrqgrk,88.53113
pjgrlygm,oqjzrbnv,897.3129,bbyzamap,690.94816,azormlbb,460.6377
pjgrrovw,pjnmgdak,93.83013,kpzowkno,92.88772,zgpnpypz,88.35215
pjmdqpak,kpoggymm,179.76322,ygwnbovy,177.99828,bqwywgmy,112.68259
pjmdzoqo,dvayndgy,96.98826,dvaqjqbv,96.32017,jbawvlnn,94.48756
pjmvklmp,mmrknamp,96.1053,pjbrmlnj,96.01408,gqanpbjk,94.20266
pjmvkpgz,rbvzmlov,97,nnpqdokz,95.55622,kpovrvbl,91.71131
pjnmgdak,jbrvjpwd,166.44826,kpyrwobz,99.67354,rbqqjwjr,97.97563
pjnmwkyg,kpnjllkq,193.94848,jbvmykdr,191.94054,mmgzywyw,191.55112
pjnmwwdl,rrwbbapo,101.68072,rbvzmlov,97,nnpqdokz,95.55622
pjnndogv,pjokygzp,95.17319,kpnmddpy,93.96792,lvbbvwrv,92.70374
pjnngwmk,jrqbmrzv,97.77633,lropkqgj,94.55164,pjoobywz,93.45665
pjokwvqy,vnygzgbg,200.03408,oqrwvjbq,196.01344,kpnmqjmj,190.80282
pjokygzp,pjokwvqy,196.15164,gnbaorzn,184.52018,nrjqygay,103.06457
pjokyvyy,rbvzzgva,98.33363,azbadykb,97.14789,prwbdjpj,96.26867
pjokyyla,dvayvlwd,291.53037,vwddkdzo,233.86773,mbaaopdm,218.85444
pjoobywz,jrqbmrzv,97.77633,jbvmydrz,96.95786,wqkvjdmo,96.62989
pjowgdgg,wqrbmono,292.61718,rbvzzgva,196.66726,vnygzgbg,100.01704
pjowgvlo,bbvmwqln,99.24759,wvyqblqj,98.76448,rbqqjwjr,97.97563
pjowgwvk,wbynwpam,104.9241,dpqmoonl,98.12618,zgvldojv,97.56182
pjowmvgl,rbvzmlov,194,oqrwlopr,185.19106,dvaqvkqq,185.05048
pjowmyvd,pjowzngv,97.77668,rbvzqjvw,97.62412,kpnmwdvw,97.23229
pjowqozp,pjowzngv,97.77668,rbvzqjvw,97.62412,kpnmwdvw,97.23229
pjowrlkn,pjowzngv,97.77668,rbvzqjvw,97.62412,kpnmwdvw,97.23229
pjowzngv,rbvzqjvw,195.24824,dvayvlwd,194.35358,rbvzmlov,194
pjrbbdmr,oqjzrbnv,628.11903,zgqjravo,552.61032,azojmzgj,532.06866
pjrbrzop,vpgoddzj,99.37711,oqrwvjbq,98.00672,jrqbmrzv,97.77633
pjrqzgml,wqdoavdv,93.79577,zgbpbbgo,91.87471,jbrzydom,91.86266
pjrqzygz,zgyqgjgg,280.66902,dvlzrwon,279.78189,bbzrkjpg,274.61229
pjrqzzrb,dvpmlalz,179.48752,oqjzrbnv,179.46258,ygnwjaoz,172.44488
pjrymzyq,wqkvjdmo,96.62989,nnpqdokz,95.55622,vnjwqppz,94.86953
pmzzamab,vnygzgbg,100.01704,bbvmwqln,99.24759,rbvzzgva,98.33363
pmzzdnwb,bbzrkjpg,91.53743,dvprkgyd,90.90219,dvprljnn,90.19447
prkqgrgm,wqrbjgjq,98.33333,zgvldojv,97.56182,lvaoyyda,96.74506
prkqrbvp,jbvmydrz,96.95786,dvaywlkm,95.35029,dpyrvbdn,93.48853
prkqwavr,gbvzjrrk,109.41393,wvnmkdrd,101.6,ygjjlnwq,97.75752
prvabmjd,nrbkylnj,281.30313,dpdgmzmo,280.83321,wvpjmvyn,191.88664
prvaqbpj,ojakrwvn,184.02974,jrqbmrzv,97.77633,wvpjmvyn,95.94332
prwbdjpj,rbvzzgva,98.33363,kpnmqjmj,95.40141,zqmkyqqv,94.60269
prwbkdmr,rbvzmlov,97,vpdvznqb,95.02229,mmgwmzgy,90.98279
prwmopvb,krmyjqkq,100.26009,jrmlvrkm,99.55966,rrokrgwl,99.27175
prwmorwl,oqjzrbnv,179.46258,mbaaopdm,145.90296,nrwvvngb,102.43498
prwnokga,mmgwbyqz,180.54248,wvvnmrng,100.43349,vnyzdaqo,99.37332
pryjgvrw,aoarzvqy,194.74678,yoyonqnr,106.31284,lmymbkgd,104.92175
pryjklvl,wqrbjvkp,194.4796,vnyzdaqo,99.37332,jrqbmrzv,97.77633
pryjkwrj,nrjqygay,103.06457,aoavzopr,101.95451,bzmgrldz,101.72745
przdajdl,rbvzmlov,97,vpdvznqb,95.02229,prwbkdmr,93.18744
pvymollwd,yvyjbprvw,88.56112,oadnyykpb,85.07713,ddwlajwlb,84.14395
pvymoowqy,zgvldojv,97.56182,ojwmllva,97.0861,dvayndgy,96.98826
pwykgdrq,bqwywgmy,112.68259,yoyonqnr,106.31284,oqvvljjn,96.96695
pwykgqbg,kmljappy,322.24953,bqwywgmy,112.68259,wbybvavl,111.88458
pyknmyogo,nnpqdokz,95.55622,dvjlporz,95.36951,bbnpmqam,94.90149
qayojvbo,dvlzrwon,93.26063,lvbbvwrv,92.70374,gqrbqdzn,92.43897
qmwakkkzm,nbdpyknmp,93.23881,mqybggpwn,89.41166,vmbwyagqj,89.11723
qmwavpqwq,azbaqqml,97.03991,kpnjllkq,96.97424,jbvmykdr,95.97027
qmwnbbgkg,lmyomann,109.21202,zgpwqgja,98.12363,gqrbgqlz,95.27897
qmwnbpqgp,wqkvjdmo,96.62989,dvpadgrl,92.16137,pjrqzzrb,91.30789
qmwnbpylp,pjowzngv,97.77668,oqrpdglq,96.22194,dvjlporz,95.36951
qnjjdjop,bbvmwqln,99.24759,rbvzzgva,98.33363,oqrwvjbq,98.00672
qnjjgblz,bqwywgmy,338.04777,azjoqmpa,194.67812,vnaplbvk,187.8122
qnjjjkml,wojjyyrl,70.88889,qnjjvrlo,68.7295,wojjlqdq,68.19274
qnjjvrlo,wojjyyrl,70.88889,wojjlqdq,68.19274,yjdqbynb,66.91182
qnjjwaow,wqrbmono,97.53906,pjowgdgg,95.0547,wqddllrv,95.03207
qnjjykgj,kpnjllkq,193.94848,mmgzywyw,191.55112,vwddkdzo,155.91182
qrkrdgyz,dvaywlkm,190.70058,rrwbbapo,101.68072,vpgoddzj,99.37711
qrkvgnwg,bqwywgmy,112.68259,vnygznmg,96.20601,mlnoawjw,94.76761
qronbdga,zgvldojv,195.12364,yvypjyrrm,170.65522,wbynwpam,104.9241
qropyodl,vpzovowq,185.99484,zgpnppvo,185.31502,ynowvwpp,184.69674
qryaavky,pryjgvrw,98.47265,nnppdald,98.38905,krmyvzaz,96.98697
qryardgq,dpydjnpb,102.41002,vpbnqynq,99.88259,zgpppalp,95.06781
qzbbpzwk,vnygrlyr,97.23605,ygbokvad,96.63863,nnvvjbdm,96.57512
qzbogpnd,jrqbmrzv,195.55266,oqjzrbnv,179.46258,koaajzgz,157.73808
qzbojqgg,vnygzgbg,100.01704,rbvzmlov,97,wqrbmnvm,95.87559
qzbojraq,pjowzngv,195.55336,rbvzmlov,194,nrbkylnj,187.53542
qzbonqno,zgpppalp,190.13562,azormlbb,184.25508,bbzrkjpg,183.07486
qzboqony,rbvzmlov,194,oqrwlopr,185.19106,pjowmvgl,182.76772
qzborpjg,pjowzngv,97.77668,rbvzqjvw,97.62412,kpnmwdvw,97.23229
qzbozgwl,aoavzopr,101.95451,dpqmvmno,99.05196,kravkzjv,98.89356
qzbywwrl,zgpnppvo,185.31502,bbvmwnjz,97.15459,pjokyyla,96.94335
qznkrybo,vnyzdaqo,198.74664,wqrbjvkp,194.4796,nrbkylnj,187.53542
qznmkkjb,jbljzyrq,180.59768,bbnpmqam,94.90149,qzpzqkzq,93.60423
qznmmjpl,nrbkylnj,187.53542,dpdgmzmo,187.22214,pjowzngv,97.77668
qzprldwa,dvjlporz,95.36951,dvjjrvqn,94.32713,dvlzbono,93.20058
qzprnymv,azjoqmpa,194.67812,zgyddrwd,193.10328,kpyrwblo,177.33206
qzpzqkzq,qznmkkjb,94.39641,zgpnpvjy,93.51659,jbljzyrq,90.29884
qzqnwboz,jbolowyl,185.15024,zgqjravo,184.20344,vnjwrqkm,182.10988
qzqqkrbj,bbzrkjpg,274.61229,nrbkylnj,187.53542,dpdgmzmo,187.22214
qzrajgrq,kprykbrq,93.04677,vnponzrq,91.89028,dvpawqjr,91.5435
qzrpbbqz,azorkkqd,93.39906,zgqjravo,92.10172,vnponzrq,91.89028
qzrwbowp,rzwozjay,110.91929,mmrknamp,96.1053,pjbrmlnj,96.01408
qzrwlzvm,nnpqdokz,95.55622,azorkkqd,93.39906,azormlbb,92.12754
qzrwpmmn,azormlbb,184.25508,bbvmwqln,99.24759,bbvygjdw,98.12637
qzrwvmav,bbnllygv,169.27074,nnpbjnwz,151.45728,dvayndgy,96.98826
qzvdgkzm,kpyrwobz,99.67354,rbvzzgva,98.33363,rbvzqjvw,97.62412
rbaagzrk,krvkdwaa,97.99283,zgvldojv,97.56182,wqrbmono,97.53906
rbaaqrgk,zgpnppvo,277.97253,zgpppalp,190.13562,gbvzjrrk,109.41393
rbaaznrl,vpgoddzj,99.37711,oqrwvjbq,98.00672,wvnzwpbk,97.2856
rbaqgqlr,mmgwbyqz,180.54248,wvvnmrng,100.43349,kpyrwobz,99.67354
rbaqzknw,azbaqqml,194.07982,pjowzngv,97.77668,vnygrlyr,97.23605
rbjrrnrl,bbpzwggl,94.40219,azormlbb,92.12754,jbolmgmv,89.7794
rbjrrwlj,jbvmydrz,96.95786,wqkvjdmo,96.62989,dvmpnpvm,95.74086
rbmdwmpd,zgpwqgja,98.12363,dvaqjqbv,96.32017,vnygznmg,96.20601
rbqqjwjr,kpyrwobz,99.67354,bbvmwqln,99.24759,wvyqblqj,98.76448
rbqyayar,pjowzngv,97.77668,dvayvlwd,97.17679,azbaqqml,97.03991
rbqyjokn,mmrknamp,96.1053,pjbrmlnj,96.01408,gqanpbjk,94.20266
rbqypnqm,azbaqqml,194.07982,azormlbb,184.25508,zgqjravo,184.20344
rbqyrnpz,dvlrdkbm,98.3139,zgpwqgja,98.12363,azjoqmpa,97.33906
rbrjbbon,zgqjravo,184.20344,bbzrkjpg,183.07486,dvpmlalz,179.48752
rbrwqqmr,vnygrlyr,97.23605,rbaqzknw,93.38048,wqddqqym,93.18281
rbrwvwnm,azmmgndw,93.80595,mmppbjoq,93.55426,kpzowkno,92.88772
rbvowwmj,vwddkdzo,155.91182,mbaaopdm,145.90296,prwmorwl,99.49614
rbvzblko,pjowzngv,97.77668,rbvzqjvw,97.62412,vnygrlyr,97.23605
rbvzboqa,kpnmwdvw,194.46458,vnygzgbg,100.01704,pjowzngv,97.77668
rbvzmlov,jbvgmplv,283.97253,azbwqvqy,280.24776,pjowzngv,195.55336
rbvzogyq,nrbkylnj,187.53542,dpdgmzmo,187.22214,pjowzngv,97.77668
rbvzqjvw,pjowzngv,195.55336,oqrwqwlo,190.95004,kpnmqjmj,190.80282
rbvzrlnl,pjowzngv,97.77668,rbvzqjvw,97.62412,kpnmwdvw,97.23229
rbvzzgva,zgvldojv,487.8091,wqrbmono,487.6953,azbaqqml,485.19955
rnwkmvbrd,mlzqlkrw,105.10493,aoarzvqy,97.37339,ojaknokp,94.70815
rnwkyympq,rbvzmlov,97,zgvzwzmm,96.38565,jbvgmplv,94.65751
rqpppgqy,bbyzamap,172.73704,dvlrdkbm,98.3139,azjoqmpa,97.33906
rqpppkqg,dvlddrja,174.70072,jlyybbny,153.69172,kmljappy,107.41651
rqppproa,yoyonqnr,106.31284,lmymbkgd,104.92175,nrjpovzn,98.75426
rqpprqlo,wqrbjvkp,194.4796,zgbbngyd,186.98748,qznkrybo,185.76652
rqppwmwg,lzwwyqwq,233.54787,azbaqqml,194.07982,dvaqjqbv,192.64034
rqppzowl,koaagbaz,82.25202,dlkkbbwz,79.83646,rqpppkqg,78.72846
rrndjymk,nrbkylnj,187.53542,dpdgmzmo,187.22214,pjowzngv,97.77668
rrokmlvn,mmgwbyqz,180.54248,wvvnmrng,100.43349,vnyzdaqo,99.37332
rrokrgkb,mlzqlkrw,105.10493,mllzdngl,103.45471,vpgoddzj,99.37711
rrokrgwl,krmyjqkq,200.52018,gnbaorzn,184.52018,jrmlvrkm,99.55966
rrpywlyv,nrjqygay,103.06457,aoavzopr,101.95451,bzmgrldz,101.72745
rrwbbapo,oqrwqwlo,95.47502,ygbmogzo,95.42801,dvaywlkm,95.35029
rrwbbjyy,nrjqygay,103.06457,zqmvakrm,99.39671,wvyjdrak,98.92275
rrympqww,bbvmwqln,99.24759,wvyqblqj,98.76448,rbqqjwjr,97.97563
rrzjymmn,zqzykabw,189.11072,ynowvwpp,184.69674,bqwywgmy,112.68259
rrzkydor,qzbywwrl,97.56816,bbvmwnjz,97.15459,pjokyyla,96.94335
rrzqvrdo,aowlbonj,95.55803,qzbonqno,94.83013,zgbbngyd,93.49374
rzwogrld,zgpwqgja,98.12363,rbvzqjvw,97.62412,zgpnppvo,92.65751
rzwozjay,azormlbb,92.12754,kpdrqgrk,88.53113,pjgrlygm,86.81478
vmbjdzwrn,vnyzdaqo,99.37332,bbvmwqln,99.24759,bbvygjdw,98.12637
vmbovzrvb,zgbpaonm,185.00876,oqjzrbnv,179.46258,lmyomann,109.21202
vmbwyagqj,nbdpyknmp,93.23881,mqybggpwn,89.41166,zmopbpqvb,88.741
vmbwzalbr,nrbkylnj,187.53542,dpdgmzmo,187.22214,pjowzngv,97.77668
vnaplbvk,bqwywgmy,338.04777,oqjzrbnv,269.19387,zgpwqgja,196.24726
vnjjdvyj,zgpnppvo,277.97253,zgvldojv,195.12364,wqrbmono,195.07812
vnjjlkoa,dvlrdkbm,98.3139,azjoqmpa,97.33906,bbnpmqam,94.90149
vnjjlnmm,bbzrkjpg,91.53743,dvprkgyd,90.90219,dvprljnn,90.19447
vnjjnoyw,dvjjaddg,92.62242,gqwwkkyo,90.0824,bbnnbadp,89.56212
vnjwqppz,pjowzngv,97.77668,oqrpdglq,96.22194,nnpqdokz,95.55622
vnjwrqkm,dvaqjqbv,288.96051,dvayndgy,193.97652,qzqnwboz,184.51814
vnpapzna,zgyqgjgg,187.11268,dvlzrwon,186.52126,bbzrkjpg,183.07486
vnpawvpv,mmrknamp,96.1053,pjbrmlnj,96.01408,gqanpbjk,94.20266
vnpbjrga,oqjzrbnv,179.46258,koaajzgz,157.73808,aoavzopr,101.95451
vnpbworw,kpyrwobz,99.67354,wqooymnp,97.36309,oqvvljjn,96.96695
vnponlbq,oqjzrbnv,538.38774,bbyzamap,345.47408,pjrbbdmr,322.23444
vnponzrq,oqjzrbnv,358.92516,bbzrkjpg,274.61229,kprykabq,266.93688
vnrpkryb,bbnpmqam,94.90149,qznmkkjb,94.39641,pjnmgdak,93.83013
vnrpwnjq,kpdkzrda,91.16915,pjgpnmyk,91.00807,dvnpmody,90.97233
vnwmglrj,kpyrwobz,99.67354,rbvzzgva,98.33363,rbvzqjvw,97.62412
vnwvjypp,lvaoyyda,96.74506,zgyddrwd,96.55164,kpyqvdqk,95.903
vnwvnagw,zgvldojv,97.56182,azbaqqml,97.03991,rbvzmlov,97
vnwvwwkn,azorkkqd,93.39906,zgpnppvo,92.65751,ddwrzqvmk,87.24961
vnygrlyr,ygbokvad,96.63863,nnvvjbdm,96.57512,rbvzblko,96.3403
vnygzgbg,blkkwadv,311.95192,zgvldojv,292.68546,bbvmwqln,198.49518
vnygznmg,zgvldojv,585.37092,oqrwvjbq,392.02688,bqwywgmy,338.04777
vnyyrpqz,vnygrlyr,97.23605,ygbokvad,96.63863,nnvvjbdm,96.57512
vnyzaajr,pjowzngv,97.77668,rbvzqjvw,97.62412,kpnmwdvw,97.23229
vnyzdaqo,wqrbjvkp,194.4796,azbaqqml,194.07982,qznkrybo,185.76652
vnyzpoby,pjowzngv,97.77668,rbvzqjvw,97.62412,kpnmwdvw,97.23229
vnyzqvgw,azbaqqml,291.11973,kpnjllkq,193.94848,dvaqjqbv,192.64034
vpbnqynq,dpydjnpb,102.41002,zqzjoqgo,99.65415,wvyqylzp,99.05773
vpdvmmkw,nrjqygay,103.06457,aoavzopr,101.95451,bzmgrldz,101.72745
vpdvznqb,rbvzmlov,97,prwbkdmr,93.18744,mmgwmzgy,90.98279
vpgobjdp,mbaaopdm,218.85444,rbvzzgva,196.66726,azbaqqml,194.07982
vpgoddzj,oqrwvjbq,196.01344,wvnzwpbk,194.5712,pjgrlygm,173.62956
vpgodzno,vnygzgbg,100.01704,rbvzzgva,98.33363,zgvldojv,97.56182
vpzagroy,mmgwbyqz,180.54248,wvvnmrng,100.43349,vnyzdaqo,99.37332
vpzaqvad,rbvzzgva,98.33363,prwbdjpj,96.26867,kpnmqjmj,95.40141
vpzovowq,zgpnppvo,185.31502,ynowvwpp,184.69674,qropyodl,181.93158
vwdddrnp,jbozaybb,92.17682,azormlbb,92.12754,zgqjravo,92.10172
vwddkdzo,oqjzrbnv,1076.77548,azormlbb,644.89278,mmgzywyw,574.65336
wbybvavl,bqwywgmy,112.68259,lmyomann,109.21202,pwykgqbg,108.08349
wbynwpam,dpqmoonl,98.12618,zgvldojv,97.56182,vnygznmg,96.20601
wojbkoay,pjowzngv,97.77668,oqrpdglq,96.22194,dvjlporz,95.36951
wojjbgqb,azjoqmpa,194.67812,koaajzgz,157.73808,nnorblag,98.8607
wojjjojl,azormlbb,184.25508,bbvmwqln,99.24759,bbvygjdw,98.12637
wojjldra,rqppwmwg,160.45892,dvayvlwd,97.17679,azbaqqml,97.03991
wojjlqdq,wojjyyrl,70.88889,qnjjvrlo,68.7295,yjdqbynb,66.91182
wojjwydp,zqzjoqgo,99.65415,ynojblap,99.20138,bzmrdyyp,96.68259
wojjyyrl,qnjjvrlo,68.7295,wojjlqdq,68.19274,yjdqbynb,66.91182
wpydawnog,wqddqqym,93.18281,dvaqvkqq,92.52524,gqrbypzk,92.2723
wpyordvyg,nbdpyknmp,93.23881,mqybggpwn,89.41166,vmbwyagqj,89.11723
wpyorkvkg,rbjrrnrl,95.56517,bbpzwggl,94.40219,azormlbb,92.12754
wpyzmyogz,vnygzgbg,100.01704,kpnmwdvw,97.23229,rbvzboqa,93.17234
wqddjwpd,azmmgndw,93.80595,mmppbjoq,93.55426,kpzowkno,92.88772
wqddllrv,azbaqqml,194.07982,ygjvmlgy,170.09016,nrjqygay,103.06457
wqddplog,azyqnzlr,90.11033,azyoqdpn,90.04484,dvpmlalz,89.74376
wqddqbdy,jrqbmrzv,97.77633,lropkqgj,94.55164,pjoobywz,93.45665
wqddqlmj,nnorblag,98.8607,azjoqmpa,97.33906,zgyddrwd,96.55164
wqddqqym,vnygrlyr,97.23605,rbaqzknw,93.38048,lvbbvwrv,92.70374
wqdoavdv,zgbpbbgo,91.87471,jbrzydom,91.86266,bbzrkjpg,91.53743
wqdobnqg,kpyrwobz,99.67354,nnppdald,98.38905,dvlrdkbm,98.3139
wqkqrbzn,zgyqgjgg,187.11268,dvlzrwon,186.52126,wqomakzv,177.79056
wqkvjdmo,kpdrqgrk,177.06226,kpyrwobz,99.67354,nnppdald,98.38905
wqkvmlwq,zgyqwrbq,98.4574,oqzjmkpg,95.72392,lvdrajaq,95.25978
wqkvrkya,bqwywgmy,225.36518,vnaplbvk,187.8122,oqjzrbnv,179.46258
wqomakzv,zgyqgjgg,187.11268,dvlzrwon,186.52126,wqkqrbzn,184.01728
wqomgkzl,mmgwbyqz,180.54248,rzwogrld,109.65919,wvvnmrng,100.43349
wqomknzk,lvaoyyda,96.74506,zgyddrwd,96.55164,kpyqvdqk,95.903
wqomlwlk,nnorblag,98.8607,mmrknamp,96.1053,pjbrmlnj,96.01408
wqooymnp,zgpppalp,190.13562,gbvzjrrk,109.41393,kpyrwobz,99.67354
wqoppbvm,gqanpbjk,188.40532,mmrknamp,96.1053,pjbrmlnj,96.01408
wqopppzr,kpyrwobz,99.67354,rbqqjwjr,97.97563,ygbmogzo,95.42801
wqrbaaqk,rbvzmlov,194,zgvzwzmm,192.7713,azbwqvqy,186.83184
wqrbbymo,azbadykb,97.14789,jbwryogj,96.66197,zgyqgjgg,93.55634
wqrbgjlo,pjowzngv,97.77668,rbvzqjvw,97.62412,kpnmwdvw,97.23229
wqrbjgjq,zgvldojv,97.56182,lvaoyyda,96.74506,vnygznmg,96.20601
wqrbjvkp,vnyzdaqo,198.74664,jrqbmrzv,195.55266,pryjklvl,192.25922
wqrbjvlp,dvayvlwd,194.35358,nrbkylnj,187.53542,dpdgmzmo,187.22214
wqrbmnvm,vnygzgbg,100.01704,rbvzmlov,97,bbvqwvlq,95.29442
wqrbmono,rbvzzgva,491.66815,zgvldojv,390.24728,bbvmwqln,297.74277
wqrnwgbl,dvayvlwd,194.35358,pjokyyla,193.8867,mmgzywyw,191.55112
wqrrkrlj,bqwywgmy,112.68259,pwykgdrq,109.04169,yoyonqnr,106.31284
wqvkajjg,vnygzgbg,100.01704,rbvzzgva,98.33363,zgvldojv,97.56182
wqvkbbgb,kprykbrq,93.04677,vnponzrq,91.89028,dvpawqjr,91.5435
wqvkbdbr,bbzrkjpg,366.14972,azormlbb,276.38262,zgqjravo,276.30516
wqvkvwap,dvpmabro,91.18541,mmlpnkdd,90.68337,dvpmlwag,90.50313
wqvrnmro,jbvmydrz,96.95786,wqkvjdmo,96.62989,dvmpnpvm,95.74086
wqvrnqgn,bbnpmqam,94.90149,qznmkkjb,94.39641,dvjjpzkd,92.53521
wqvywwpj,vnygzgbg,100.01704,zgvldojv,97.56182,kpnmwdvw,97.23229
wqwgdjqn,dvlzrwon,93.26063,lvbbvwrv,92.70374,gqrbqdzn,92.43897
wqwgdjzn,aoavzopr,101.95451,oqvvljjn,96.96695,zgpppalp,95.06781
wqwggmkz,dvnpmody,90.97233,azyqnzlr,90.11033,kpdrqgrk,88.53113
wqwvovng,dvnpmody,90.97233,azyqnzlr,90.11033,kpdrqgrk,88.53113
wvbddmzr,yoymobpr,112.41276,ojpakooj,100.97156,vnygzgbg,100.01704
wvbkpqkp,dpqmvmno,99.05196,dpqrzvyr,98.79731,ojwnypgz,95.59416
wvbkykbw,ynowvogr,100.03521,nnywbjlv,98.66278,pryjgvrw,98.47265
wvjmnwvp,vpgoddzj,99.37711,aoarzvqy,97.37339,bzqrklwq,96.44992
wvnmkdrd,gbvzjrrk,109.41393,zqmvakrm,99.39671,rbvzzgva,98.33363
wvnokjya,vpgoddzj,99.37711,zqljdvmp,99.26816,dvaqlpbg,98.58307
wvnzbpvv,mlzqlkrw,105.10493,aoarzvqy,97.37339,ojaknokp,94.70815
wvnzjjjb,rbvzzgva,295.00089,azbaqqml,291.11973,mbaaopdm,218.85444
wvnzwpbk,vpgoddzj,198.75422,oqrwvjbq,196.01344,zqljdvmp,99.26816
wvnzzpvv,pryjgvrw,98.47265,nnppdald,98.38905,krmyvzaz,96.98697
wvpakbww,wvpjmvyn,95.94332,gnogrrgg,95.86368,gnogwlky,95.0446
wvpakwqr,wvpjmvyn,95.94332,gnogrrgg,95.86368,gnogwlky,95.0446
wvpaojag,wvpjmvyn,95.94332,gnogrrgg,95.86368,gnogwlky,95.0446
wvpjmvyn,nrbkylnj,281.30313,dpdgmzmo,280.83321,zqmkbrvy,189.68232
wvvnmrng,mmgwbyqz,180.54248,vnyzdaqo,99.37332,prwnokga,98.46222
wvvprrjw,mllzdngl,103.45471,rbvzmlov,97,azlllgon,95.98884
wvyjdrak,azbaqqml,194.07982,bqwywgmy,112.68259,aoavzopr,101.95451
wvyqblqj,zqogqdkv,291.52791,bbvmwqln,198.49518,koaajzgz,157.73808
wvyqylzp,vpbnqynq,99.88259,aodzkymz,96.65274,krlpdjjw,96.01331
ygannwnw,dvaqjqbv,96.32017,pjnmgdak,93.83013,kpzowkno,92.88772
ygarlmmm,prwmorwl,99.49614,rbvowwmj,98.45427,azbaqqml,97.03991
ygbbnwqn,zgvldojv,97.56182,azllkwak,96.69601,vnygznmg,96.20601
ygbmogzo,rrwbbapo,101.68072,kpyrwobz,99.67354,bbvmwqln,99.24759
ygbmykrz,pwykgqbg,108.08349,jmqmodky,107.67136,kmljappy,107.41651
ygbogyml,pjowzngv,97.77668,rbvzqjvw,97.62412,kpnmwdvw,97.23229
ygbokvad,azbaqqml,194.07982,nnvvjbdm,193.15024,ygzzazdq,184.52896
ygjjlnwq,gbvzjrrk,109.41393,wvnmkdrd,101.6,wvpjmvyn,95.94332
ygjkrglm,rbvzqjvw,97.62412,kpnmqjmj,95.40141,jbvmlnmd,95.34898
ygjkzapp,dvayndgy,96.98826,dvaqjqbv,96.32017,jbawvlnn,94.48756
ygjvmlgy,zgvldojv,390.24728,azbaqqml,388.15964,oqjzrbnv,358.92516
ygjvvmpr,zgvldojv,97.56182,mmrknamp,96.1053,pjbrmlnj,96.01408
ygjvyvzq,mmrknamp,96.1053,pjbrmlnj,96.01408,gqanpbjk,94.20266
ygnwjaoz,pjrqzzrb,182.61578,jbwryogj,96.66197,zgyqgjgg,93.55634
ygnwjdvo,zgvldojv,292.68546,dvayndgy,290.96478,mlzvarvq,289.70745
ygnwvowg,kmljappy,107.41651,mmrlorpk,98.45919,azjoqmpa,97.33906
ygnyjzzj,mlnoawjw,94.76761,dvlzrwon,93.26063,lvbbvwrv,92.70374
ygwnaqlw,kmljappy,107.41651,mmrlorpk,98.45919,azjoqmpa,97.33906
ygwnbovy,kpoggymm,179.76322,pjmdqpak,175.89782,vpgoddzj,99.37711
ygwnknvw,jbolowyl,92.57512,qzqnwboz,92.25907,zgqjravo,92.10172
ygwnzqak,rbvzqjvw,97.62412,kpnmqjmj,95.40141,jbvmlnmd,95.34898
ygzjybop,dvaqjqbv,192.64034,gqwjmlgq,179.23608,zgpwqgja,98.12363
ygzpgwqb,jbwryogj,96.66197,zgyqgjgg,93.55634,dvlzrwon,93.26063
ygzzazdq,ygbokvad,193.27726,nnvvjbdm,193.15024,azlnqwkv,182.65292
ygzzkbwq,pryjgvrw,98.47265,nnppdald,98.38905,krmyvzaz,96.98697
ygzzrllb,gbvzjrrk,109.41393,wvnmkdrd,101.6,ygjjlnwq,97.75752
yjddaovk,wqrbjvkp,194.4796,vnyzdaqo,99.37332,jrqbmrzv,97.77633
yjddjqmz,zqzykabw,283.66608,blkkwadv,233.96394,vnygzgbg,200.03408
yjddlgrn,wojjyyrl,70.88889,qnjjvrlo,68.7295,wojjlqdq,68.19274
yjddrojy,zgvldojv,292.68546,kpnjllkq,193.94848,bqwywgmy,112.68259
yjddypqg,dvpmlalz,269.23128,nnvpdywa,178.87492,pjrbbdmr,161.11722
yjdqbynb,wojjyyrl,70.88889,qnjjvrlo,68.7295,wojjlqdq,68.19274
yjdqjnjw,koaagbaz,82.25202,dlkkbbwz,79.83646,rqppzowl,79.73433
yjdqwjrn,bbvmwqln,99.24759,dvaqlpbg,98.58307,rbvowwmj,98.45427
ynkrndlv,bqwywgmy,112.68259,vnygznmg,96.20601,mlnoawjw,94.76761
ynkrzzrp,mlnoawjw,189.53522,vnjwrqkm,182.10988,gnbaoyjo,177.32822
ynmjzpqv,nrjqygay,103.06457,azbaqqml,97.03991,dvaqjqbv,96.32017
ynmpmlwv,nrjqygay,103.06457,rrwbbjyy,99.62989,krvkdwaa,97.99283
ynojblap,zqzjoqgo,99.65415,bzmrdyyp,96.68259,zgvzzvnr,94.98463
ynojbqqv,wbynwpam,104.9241,dpqmoonl,98.12618,zgvldojv,97.56182
ynopkzgg,prwmorwl,99.49614,rbvowwmj,98.45427,azbaqqml,97.03991
ynowokvp,bqwywgmy,112.68259,dpqmvmno,99.05196,rrzqvrdo,97.47348
ynowvogr,nnywbjlv,98.66278,pryjgvrw,98.47265,dvaqjqbv,96.32017
ynowvwpp,zqzykabw,283.66608,rrzjymmn,194.48252,vpzovowq,185.99484
ynozpqbr,ojwmllva,194.1722,gnbaoyjo,177.32822,zqzjoqgo,99.65415
ynozwbyb,pjokygzp,95.17319,kpnmddpy,93.96792,gnbaorzn,92.26009
ynvqprpd,oqrwvjbq,196.01344,vnygznmg,192.41202,mmgzywyw,191.55112
ynvqwbjm,nrbkylnj,187.53542,dpdgmzmo,187.22214,pjowzngv,97.77668
yoymobpr,bqwywgmy,112.68259,ojpakooj,100.97156,wvbddmzr,100.05665
yoyonqnr,bqwywgmy,112.68259,pwykgdrq,109.04169,lmymbkgd,104.92175
yvyjblaka,nnppdald,98.38905,azbadykb,97.14789,azlllgon,95.98884
yvyjbpnag,mmrknamp,96.1053,pjbrmlnj,96.01408,gqanpbjk,94.20266
yvyjbprvw,wbynwpam,104.9241,vnygzgbg,100.01704,dvaqlpbg,98.58307
yvyjbwjaw,rbvzqjvw,97.62412,kpnmqjmj,95.40141,jbvmlnmd,95.34898
yvyjoawop,dvlzrwon,93.26063,lvbbvwrv,92.70374,gqrbqdzn,92.43897
yvypjopvp,azbaqqml,194.07982,mqyvbwwwa,167.90296,blkkwadv,155.97596
yvypjyrrm,zgvldojv,195.12364,qronbdga,187.60868,wbynwpam,104.9241
yvypkaywo,azormlbb,184.25508,gbvzjrrk,109.41393,bbvmwqln,99.24759
yvypkomdl,yvyjbprvw,88.56112,oadnyykpb,85.07713,ddwlajwlb,84.14395
yvyzqogwq,bqwywgmy,112.68259,ynowvogr,100.03521,nnywbjlv,98.66278
zgawlyqg,bbldanjy,182.36072,rbvzmlov,97,nnpqdokz,95.55622
zgbbabww,zgvldojv,97.56182,azbaqqml,97.03991,wqddllrv,95.03207
zgbbngyd,wqrbjvkp,194.4796,qznkrybo,185.76652,rqpprqlo,152.88622
zgbbrlrn,dvjjaddg,92.62242,vnjjnoyw,91.66325,gqwwkkyo,90.0824
zgbbwyja,zgvldojv,97.56182,azbaqqml,97.03991,wqddllrv,95.03207
zgbpaddq,dvayndgy,96.98826,dvaqjqbv,96.32017,jbawvlnn,94.48756
zgbpaonm,oqjzrbnv,179.46258,vmbovzrvb,172.5952,lmyomann,109.21202
zgbpbbgo,wqdoavdv,93.79577,jbrzydom,91.86266,bbzrkjpg,91.53743
zgbpglky,azbbojrd,190.25922,oqjzrbnv,179.46258,vnygzgbg,100.01704
zgpnbyyw,zgpnppvo,185.31502,rzwogrld,109.65919,rbvzqjvw,97.62412
zgpndrjg,zgyqgjgg,187.11268,dvlzrwon,186.52126,bbzrkjpg,183.07486
zgpnppvo,wqrbmono,292.61718,nnpqdokz,286.66866,vnjjdvyj,281.46504
zgpnpvjy,nrbkylnj,187.53542,dpdgmzmo,187.22214,pjowzngv,97.77668
zgpnpypz,pjnmgdak,93.83013,kpzowkno,92.88772,kprlzojz,86.78951
zgpnqjbz,gqanpbjk,94.20266,azlnyynr,92.92197,bbzrkjpg,91.53743
zgpnwymn,jbvmydrz,96.95786,wqkvjdmo,96.62989,dvmpnpvm,95.74086
zgpppalp,oqvvljjn,387.8678,zgyddrwd,386.20656,rbvzzgva,295.00089
zgpwqgja,bqwywgmy,225.36518,lmyomann,218.42404,dvlrdkbm,196.6278
zgqjgkqk,oqjzrbnv,538.38774,bbzrkjpg,457.68715,azormlbb,368.51016
zgqjravo,bbzrkjpg,823.83687,oqjzrbnv,628.11903,azojmzgj,620.74677
zgqobwlm,vnygzgbg,100.01704,kpnmwdvw,97.23229,rbvzboqa,93.17234
zgqylojd,ygwnknvw,95.05236,jbolowyl,92.57512,qzqnwboz,92.25907
zgvldojv,azbaqqml,582.23946,vnygznmg,577.23606,rbvzzgva,491.66815
zgvlzzdl,azbaqqml,388.15964,zgvldojv,292.68546,dvaqlpbg,197.16614
zgvvqjzw,mmgwbyqz,180.54248,wvvnmrng,100.43349,vnyzdaqo,99.37332
zgvzgapn,pjowzngv,97.77668,rbvzqjvw,97.62412,kpnmwdvw,97.23229
zgvzgayn,pjowzngv,97.77668,rbvzqjvw,97.62412,kpnmwdvw,97.23229
zgvzpvvm,pjowzngv,97.77668,rbvzqjvw,97.62412,kpnmwdvw,97.23229
zgvzrypa,pjowzngv,97.77668,rbvzqjvw,97.62412,kpnmwdvw,97.23229
zgvzwbqq,pjowzngv,97.77668,rbvzqjvw,97.62412,kpnmwdvw,97.23229
zgvzwzmm,rbvzmlov,194,bbvmqgam,186.83568,azbwqvqy,186.83184
zgvzzvnr,zqzjoqgo,99.65415,ynojblap,99.20138,bzmrdyyp,96.68259
zgyddrwd,zgpppalp,380.27124,azjoqmpa,292.01718,oqvvljjn,290.90085
zgyqgjgg,dvlzrwon,279.78189,pjrqzygz,265.85409,jbwryogj,193.32394
zgyqpwvz,nnorblag,98.8607,zgyqwrbq,98.4574,azjoqmpa,97.33906
zgyqvlqn,rzwogrld,109.65919,rbvzqjvw,97.62412,zgpnppvo,92.65751
zgyqwbpw,jbvmydrz,96.95786,wqkvjdmo,96.62989,dvmpnpvm,95.74086
zgyqwrbq,oqzjmkpg,95.72392,lvdrajaq,95.25978,zgyqpwvz,95.07382
zgyqyvrv,kpyrwobz,99.67354,wqooymnp,97.36309,oqvvljjn,96.96695
zmobdlkzv,aoavzopr,101.95451,dpqmvmno,99.05196,kravkzjv,98.89356
zmobzrrky,ynozpqbr,98.74506,qzbywwrl,97.56816,zgvldojv,97.56182
zmopbpqvb,avdlbjllo,177.2206,vnygzgbg,100.01704,dvaqlpbg,98.58307
zmopvpaqy,mmgwbyqz,180.54248,wvvnmrng,100.43349,vnyzdaqo,99.37332
zmopvykkz,nbdpyknmp,93.23881,mqybggpwn,89.41166,vmbwyagqj,89.11723
zpdddrwz,koaagbaz,82.25202,dlkkbbwz,79.83646,rqppzowl,79.73433
zpdddznb,nnpqdokz,95.55622,dvjlporz,95.36951,pjnmwkyg,93.74421
zpddrnav,zgpnppvo,277.97253,azorkkqd,186.79812,dpydjnpb,102.41002
zpddrqjj,pjnmgdak,93.83013,kpzowkno,92.88772,zgpnpypz,88.35215
zpdkbwpk,rbvzzgva,98.33363,prwbdjpj,96.26867,nnpqdokz,95.55622
zqljdpzn,bbvmwqln,99.24759,wvyqblqj,98.76448,rbqqjwjr,97.97563
zqljdvmp,vpgoddzj,99.37711,dvaqlpbg,98.58307,azbwkgky,98.52421
zqlrzybw,dvaqjqbv,96.32017,dvjlnaad,93.15962,dvprpwvg,91.47887
zqmdnarp,wvpjmvyn,95.94332,gnogrrgg,95.86368,gnogwlky,95.0446
zqmkbrvy,nrbkylnj,281.30313,dpdgmzmo,280.83321,wvpjmvyn,191.88664
zqmkyqqv,yoyonqnr,106.31284,lmymbkgd,104.92175,nrjpovzn,98.75426
zqmvakrm,rbvzzgva,196.66726,azbaqqml,194.07982,wvnzjjjb,192.3823
zqogqdkv,wvyqblqj,296.29344,blkkwadv,233.96394,bbvmwqln,198.49518
zqzjnwmk,bbvmwqln,99.24759,dpqmvmno,99.05196,wvyqblqj,98.76448
zqzjoqgo,zqzykabw,189.11072,blkkwadv,155.97596,yoymobpr,112.41276
zqzpvagr,pjokygzp,95.17319,kpnmddpy,93.96792,gnbaorzn,92.26009
zqzykabw,blkkwadv,311.95192,azbaqqml,291.11973,ynowvwpp,277.04511
